{
  "swaggerVersion": "1.2",
  "apiVersion": "storage.k8s.io/v1beta1",
  "basePath": "https://10.10.10.10:6443",
  "resourcePath": "/apis/storage.k8s.io/v1beta1",
  "info": {
   "title": "",
   "description": ""
  },
  "apis": [
   {
    "path": "/apis/storage.k8s.io/v1beta1/storageclasses",
    "description": "API at /apis/storage.k8s.io/v1beta1",
    "operations": [
     {
      "type": "v1beta1.StorageClassList",
      "method": "GET",
      "summary": "list or watch objects of kind StorageClass",
      "nickname": "listStorageClass",
      "parameters": [
       {
        "type": "string",
        "paramType": "query",
        "name": "pretty",
        "description": "If 'true', then the output is pretty printed.",
        "required": false,
        "allowMultiple": false
       },
       {
        "type": "string",
        "paramType": "query",
        "name": "labelSelector",
        "description": "A selector to restrict the list of returned objects by their labels. Defaults to everything.",
        "required": false,
        "allowMultiple": false
       },
       {
        "type": "string",
        "paramType": "query",
        "name": "fieldSelector",
        "description": "A selector to restrict the list of returned objects by their fields. Defaults to everything.",
        "required": false,
        "allowMultiple": false
       },
       {
        "type": "boolean",
        "paramType": "query",
        "name": "watch",
        "description": "Watch for changes to the described resources and return them as a stream of add, update, and remove notifications. Specify resourceVersion.",
        "required": false,
        "allowMultiple": false
       },
       {
        "type": "string",
        "paramType": "query",
        "name": "resourceVersion",
        "description": "When specified with a watch call, shows changes that occur after that particular version of a resource. Defaults to changes from the beginning of history.",
        "required": false,
        "allowMultiple": false
       },
       {
        "type": "integer",
        "paramType": "query",
        "name": "timeoutSeconds",
        "description": "Timeout for the list/watch call.",
        "required": false,
        "allowMultiple": false
       }
      ],
      "responseMessages": [
       {
        "code": 200,
        "message": "OK",
        "responseModel": "v1beta1.StorageClassList"
       }
      ],
      "produces": [
       "application/json",
       "application/yaml",
       "application/vnd.kubernetes.protobuf"
      ],
      "consumes": [
       "*/*"
      ]
     },
     {
      "type": "v1beta1.StorageClass",
      "method": "POST",
      "summary": "create a StorageClass",
      "nickname": "createStorageClass",
      "parameters": [
       {
        "type": "string",
        "paramType": "query",
        "name": "pretty",
        "description": "If 'true', then the output is pretty printed.",
        "required": false,
        "allowMultiple": false
       },
       {
        "type": "v1beta1.StorageClass",
        "paramType": "body",
        "name": "body",
        "description": "",
        "required": true,
        "allowMultiple": false
       }
      ],
      "responseMessages": [
       {
        "code": 200,
        "message": "OK",
        "responseModel": "v1beta1.StorageClass"
       }
      ],
      "produces": [
       "application/json",
       "application/yaml",
       "application/vnd.kubernetes.protobuf"
      ],
      "consumes": [
       "*/*"
      ]
     },
     {
      "type": "unversioned.Status",
      "method": "DELETE",
      "summary": "delete collection of StorageClass",
      "nickname": "deletecollectionStorageClass",
      "parameters": [
       {
        "type": "string",
        "paramType": "query",
        "name": "pretty",
        "description": "If 'true', then the output is pretty printed.",
        "required": false,
        "allowMultiple": false
       },
       {
        "type": "string",
        "paramType": "query",
        "name": "labelSelector",
        "description": "A selector to restrict the list of returned objects by their labels. Defaults to everything.",
        "required": false,
        "allowMultiple": false
       },
       {
        "type": "string",
        "paramType": "query",
        "name": "fieldSelector",
        "description": "A selector to restrict the list of returned objects by their fields. Defaults to everything.",
        "required": false,
        "allowMultiple": false
       },
       {
        "type": "boolean",
        "paramType": "query",
        "name": "watch",
        "description": "Watch for changes to the described resources and return them as a stream of add, update, and remove notifications. Specify resourceVersion.",
        "required": false,
        "allowMultiple": false
       },
       {
        "type": "string",
        "paramType": "query",
        "name": "resourceVersion",
        "description": "When specified with a watch call, shows changes that occur after that particular version of a resource. Defaults to changes from the beginning of history.",
        "required": false,
        "allowMultiple": false
       },
       {
        "type": "integer",
        "paramType": "query",
        "name": "timeoutSeconds",
        "description": "Timeout for the list/watch call.",
        "required": false,
        "allowMultiple": false
       }
      ],
      "responseMessages": [
       {
        "code": 200,
        "message": "OK",
        "responseModel": "unversioned.Status"
       }
      ],
      "produces": [
       "application/json",
       "application/yaml",
       "application/vnd.kubernetes.protobuf"
      ],
      "consumes": [
       "*/*"
      ]
     }
    ]
   },
   {
    "path": "/apis/storage.k8s.io/v1beta1/watch/storageclasses",
    "description": "API at /apis/storage.k8s.io/v1beta1",
    "operations": [
     {
      "type": "*versioned.Event",
      "method": "GET",
      "summary": "watch individual changes to a list of StorageClass",
      "nickname": "watchStorageClassList",
      "parameters": [
       {
        "type": "string",
        "paramType": "query",
        "name": "pretty",
        "description": "If 'true', then the output is pretty printed.",
        "required": false,
        "allowMultiple": false
       },
       {
        "type": "string",
        "paramType": "query",
        "name": "labelSelector",
        "description": "A selector to restrict the list of returned objects by their labels. Defaults to everything.",
        "required": false,
        "allowMultiple": false
       },
       {
        "type": "string",
        "paramType": "query",
        "name": "fieldSelector",
        "description": "A selector to restrict the list of returned objects by their fields. Defaults to everything.",
        "required": false,
        "allowMultiple": false
       },
       {
        "type": "boolean",
        "paramType": "query",
        "name": "watch",
        "description": "Watch for changes to the described resources and return them as a stream of add, update, and remove notifications. Specify resourceVersion.",
        "required": false,
        "allowMultiple": false
       },
       {
        "type": "string",
        "paramType": "query",
        "name": "resourceVersion",
        "description": "When specified with a watch call, shows changes that occur after that particular version of a resource. Defaults to changes from the beginning of history.",
        "required": false,
        "allowMultiple": false
       },
       {
        "type": "integer",
        "paramType": "query",
        "name": "timeoutSeconds",
        "description": "Timeout for the list/watch call.",
        "required": false,
        "allowMultiple": false
       }
      ],
      "responseMessages": [
       {
        "code": 200,
        "message": "OK",
        "responseModel": "*versioned.Event"
       }
      ],
      "produces": [
       "application/json",
       "application/json;stream=watch",
       "application/vnd.kubernetes.protobuf",
       "application/vnd.kubernetes.protobuf;stream=watch"
      ],
      "consumes": [
       "*/*"
      ]
     }
    ]
   },
   {
    "path": "/apis/storage.k8s.io/v1beta1/storageclasses/{name}",
    "description": "API at /apis/storage.k8s.io/v1beta1",
    "operations": [
     {
      "type": "v1beta1.StorageClass",
      "method": "GET",
      "summary": "read the specified StorageClass",
      "nickname": "readStorageClass",
      "parameters": [
       {
        "type": "string",
        "paramType": "query",
        "name": "pretty",
        "description": "If 'true', then the output is pretty printed.",
        "required": false,
        "allowMultiple": false
       },
       {
        "type": "boolean",
        "paramType": "query",
        "name": "export",
        "description": "Should this value be exported.  Export strips fields that a user can not specify.",
        "required": false,
        "allowMultiple": false
       },
       {
        "type": "boolean",
        "paramType": "query",
        "name": "exact",
        "description": "Should the export be exact.  Exact export maintains cluster-specific fields like 'Namespace'",
        "required": false,
        "allowMultiple": false
       },
       {
        "type": "string",
        "paramType": "path",
        "name": "name",
        "description": "name of the StorageClass",
        "required": true,
        "allowMultiple": false
       }
      ],
      "responseMessages": [
       {
        "code": 200,
        "message": "OK",
        "responseModel": "v1beta1.StorageClass"
       }
      ],
      "produces": [
       "application/json",
       "application/yaml",
       "application/vnd.kubernetes.protobuf"
      ],
      "consumes": [
       "*/*"
      ]
     },
     {
      "type": "v1beta1.StorageClass",
      "method": "PUT",
      "summary": "replace the specified StorageClass",
      "nickname": "replaceStorageClass",
      "parameters": [
       {
        "type": "string",
        "paramType": "query",
        "name": "pretty",
        "description": "If 'true', then the output is pretty printed.",
        "required": false,
        "allowMultiple": false
       },
       {
        "type": "v1beta1.StorageClass",
        "paramType": "body",
        "name": "body",
        "description": "",
        "required": true,
        "allowMultiple": false
       },
       {
        "type": "string",
        "paramType": "path",
        "name": "name",
        "description": "name of the StorageClass",
        "required": true,
        "allowMultiple": false
       }
      ],
      "responseMessages": [
       {
        "code": 200,
        "message": "OK",
        "responseModel": "v1beta1.StorageClass"
       }
      ],
      "produces": [
       "application/json",
       "application/yaml",
       "application/vnd.kubernetes.protobuf"
      ],
      "consumes": [
       "*/*"
      ]
     },
     {
      "type": "v1beta1.StorageClass",
      "method": "PATCH",
      "summary": "partially update the specified StorageClass",
      "nickname": "patchStorageClass",
      "parameters": [
       {
        "type": "string",
        "paramType": "query",
        "name": "pretty",
        "description": "If 'true', then the output is pretty printed.",
        "required": false,
        "allowMultiple": false
       },
       {
        "type": "unversioned.Patch",
        "paramType": "body",
        "name": "body",
        "description": "",
        "required": true,
        "allowMultiple": false
       },
       {
        "type": "string",
        "paramType": "path",
        "name": "name",
        "description": "name of the StorageClass",
        "required": true,
        "allowMultiple": false
       }
      ],
      "responseMessages": [
       {
        "code": 200,
        "message": "OK",
        "responseModel": "v1beta1.StorageClass"
       }
      ],
      "produces": [
       "application/json",
       "application/yaml",
       "application/vnd.kubernetes.protobuf"
      ],
      "consumes": [
       "application/json-patch+json",
       "application/merge-patch+json",
       "application/strategic-merge-patch+json"
      ]
     },
     {
      "type": "unversioned.Status",
      "method": "DELETE",
      "summary": "delete a StorageClass",
      "nickname": "deleteStorageClass",
      "parameters": [
       {
        "type": "string",
        "paramType": "query",
        "name": "pretty",
        "description": "If 'true', then the output is pretty printed.",
        "required": false,
        "allowMultiple": false
       },
       {
        "type": "v1.DeleteOptions",
        "paramType": "body",
        "name": "body",
        "description": "",
        "required": true,
        "allowMultiple": false
       },
       {
        "type": "integer",
        "paramType": "query",
        "name": "gracePeriodSeconds",
        "description": "The duration in seconds before the object should be deleted. Value must be non-negative integer. The value zero indicates delete immediately. If this value is nil, the default grace period for the specified type will be used. Defaults to a per object value if not specified. zero means delete immediately.",
        "required": false,
        "allowMultiple": false
       },
       {
        "type": "boolean",
        "paramType": "query",
        "name": "orphanDependents",
        "description": "Should the dependent objects be orphaned. If true/false, the \"orphan\" finalizer will be added to/removed from the object's finalizers list.",
        "required": false,
        "allowMultiple": false
       },
       {
        "type": "string",
        "paramType": "path",
        "name": "name",
        "description": "name of the StorageClass",
        "required": true,
        "allowMultiple": false
       }
      ],
      "responseMessages": [
       {
        "code": 200,
        "message": "OK",
        "responseModel": "unversioned.Status"
       }
      ],
      "produces": [
       "application/json",
       "application/yaml",
       "application/vnd.kubernetes.protobuf"
      ],
      "consumes": [
       "*/*"
      ]
     }
    ]
   },
   {
    "path": "/apis/storage.k8s.io/v1beta1/watch/storageclasses/{name}",
    "description": "API at /apis/storage.k8s.io/v1beta1",
    "operations": [
     {
      "type": "*versioned.Event",
      "method": "GET",
      "summary": "watch changes to an object of kind StorageClass",
      "nickname": "watchStorageClass",
      "parameters": [
       {
        "type": "string",
        "paramType": "query",
        "name": "pretty",
        "description": "If 'true', then the output is pretty printed.",
        "required": false,
        "allowMultiple": false
       },
       {
        "type": "string",
        "paramType": "query",
        "name": "labelSelector",
        "description": "A selector to restrict the list of returned objects by their labels. Defaults to everything.",
        "required": false,
        "allowMultiple": false
       },
       {
        "type": "string",
        "paramType": "query",
        "name": "fieldSelector",
        "description": "A selector to restrict the list of returned objects by their fields. Defaults to everything.",
        "required": false,
        "allowMultiple": false
       },
       {
        "type": "boolean",
        "paramType": "query",
        "name": "watch",
        "description": "Watch for changes to the described resources and return them as a stream of add, update, and remove notifications. Specify resourceVersion.",
        "required": false,
        "allowMultiple": false
       },
       {
        "type": "string",
        "paramType": "query",
        "name": "resourceVersion",
        "description": "When specified with a watch call, shows changes that occur after that particular version of a resource. Defaults to changes from the beginning of history.",
        "required": false,
        "allowMultiple": false
       },
       {
        "type": "integer",
        "paramType": "query",
        "name": "timeoutSeconds",
        "description": "Timeout for the list/watch call.",
        "required": false,
        "allowMultiple": false
       },
       {
        "type": "string",
        "paramType": "path",
        "name": "name",
        "description": "name of the StorageClass",
        "required": true,
        "allowMultiple": false
       }
      ],
      "responseMessages": [
       {
        "code": 200,
        "message": "OK",
        "responseModel": "*versioned.Event"
       }
      ],
      "produces": [
       "application/json",
       "application/json;stream=watch",
       "application/vnd.kubernetes.protobuf",
       "application/vnd.kubernetes.protobuf;stream=watch"
      ],
      "consumes": [
       "*/*"
      ]
     }
    ]
   },
   {
    "path": "/apis/storage.k8s.io/v1beta1",
    "description": "API at /apis/storage.k8s.io/v1beta1",
    "operations": [
     {
      "type": "unversioned.APIResourceList",
      "method": "GET",
      "summary": "get available resources",
      "nickname": "getAPIResources",
      "parameters": [],
      "produces": [
       "application/json",
       "application/yaml",
       "application/vnd.kubernetes.protobuf"
      ],
      "consumes": [
       "application/json",
       "application/yaml",
       "application/vnd.kubernetes.protobuf"
      ]
     }
    ]
   }
  ],
  "models": {
   "v1beta1.StorageClassList": {
    "id": "v1beta1.StorageClassList",
    "description": "StorageClassList is a collection of storage classes.",
    "required": [
     "items"
    ],
    "properties": {
     "kind": {
      "type": "string",
      "description": "Kind is a string value representing the REST resource this object represents. Servers may infer this from the endpoint the client submits requests to. Cannot be updated. In CamelCase. More info: http://releases.k8s.io/release-1.4/docs/devel/api-conventions.md#types-kinds"
     },
     "apiVersion": {
      "type": "string",
      "description": "APIVersion defines the versioned schema of this representation of an object. Servers should convert recognized schemas to the latest internal value, and may reject unrecognized values. More info: http://releases.k8s.io/release-1.4/docs/devel/api-conventions.md#resources"
     },
     "metadata": {
      "$ref": "unversioned.ListMeta",
      "description": "Standard list metadata More info: http://releases.k8s.io/HEAD/docs/devel/api-conventions.md#metadata"
     },
     "items": {
      "type": "array",
      "items": {
       "$ref": "v1beta1.StorageClass"
      },
      "description": "Items is the list of StorageClasses"
     }
    }
   },
   "unversioned.ListMeta": {
    "id": "unversioned.ListMeta",
    "description": "ListMeta describes metadata that synthetic resources must have, including lists and various status objects. A resource may have only one of {ObjectMeta, ListMeta}.",
    "properties": {
     "selfLink": {
      "type": "string",
      "description": "SelfLink is a URL representing this object. Populated by the system. Read-only."
     },
     "resourceVersion": {
      "type": "string",
      "description": "String that identifies the server's internal version of this object that can be used by clients to determine when objects have changed. Value must be treated as opaque by clients and passed unmodified back to the server. Populated by the system. Read-only. More info: http://releases.k8s.io/release-1.4/docs/devel/api-conventions.md#concurrency-control-and-consistency"
     }
    }
   },
   "v1beta1.StorageClass": {
    "id": "v1beta1.StorageClass",
    "description": "StorageClass describes the parameters for a class of storage for which PersistentVolumes can be dynamically provisioned.\n\nStorageClasses are non-namespaced; the name of the storage class according to etcd is in ObjectMeta.Name.",
    "required": [
     "provisioner"
    ],
    "properties": {
     "kind": {
      "type": "string",
      "description": "Kind is a string value representing the REST resource this object represents. Servers may infer this from the endpoint the client submits requests to. Cannot be updated. In CamelCase. More info: http://releases.k8s.io/release-1.4/docs/devel/api-conventions.md#types-kinds"
     },
     "apiVersion": {
      "type": "string",
      "description": "APIVersion defines the versioned schema of this representation of an object. Servers should convert recognized schemas to the latest internal value, and may reject unrecognized values. More info: http://releases.k8s.io/release-1.4/docs/devel/api-conventions.md#resources"
     },
     "metadata": {
      "$ref": "v1.ObjectMeta",
      "description": "Standard object's metadata. More info: http://releases.k8s.io/HEAD/docs/devel/api-conventions.md#metadata"
     },
     "provisioner": {
      "type": "string",
      "description": "Provisioner indicates the type of the provisioner."
     },
     "parameters": {
      "type": "object",
      "description": "Parameters holds the parameters for the provisioner that should create volumes of this storage class."
     }
    }
   },
   "v1.ObjectMeta": {
    "id": "v1.ObjectMeta",
    "description": "ObjectMeta is metadata that all persisted resources must have, which includes all objects users must create.",
    "properties": {
     "name": {
      "type": "string",
      "description": "Name must be unique within a namespace. Is required when creating resources, although some resources may allow a client to request the generation of an appropriate name automatically. Name is primarily intended for creation idempotence and configuration definition. Cannot be updated. More info: http://releases.k8s.io/release-1.4/docs/user-guide/identifiers.md#names"
     },
     "generateName": {
      "type": "string",
      "description": "GenerateName is an optional prefix, used by the server, to generate a unique name ONLY IF the Name field has not been provided. If this field is used, the name returned to the client will be different than the name passed. This value will also be combined with a unique suffix. The provided value has the same validation rules as the Name field, and may be truncated by the length of the suffix required to make the value unique on the server.\n\nIf this field is specified and the generated name exists, the server will NOT return a 409 - instead, it will either return 201 Created or 500 with Reason ServerTimeout indicating a unique name could not be found in the time allotted, and the client should retry (optionally after the time indicated in the Retry-After header).\n\nApplied only if Name is not specified. More info: http://releases.k8s.io/release-1.4/docs/devel/api-conventions.md#idempotency"
     },
     "namespace": {
      "type": "string",
      "description": "Namespace defines the space within each name must be unique. An empty namespace is equivalent to the \"default\" namespace, but \"default\" is the canonical representation. Not all objects are required to be scoped to a namespace - the value of this field for those objects will be empty.\n\nMust be a DNS_LABEL. Cannot be updated. More info: http://releases.k8s.io/release-1.4/docs/user-guide/namespaces.md"
     },
     "selfLink": {
      "type": "string",
      "description": "SelfLink is a URL representing this object. Populated by the system. Read-only."
     },
     "uid": {
      "type": "string",
      "description": "UID is the unique in time and space value for this object. It is typically generated by the server on successful creation of a resource and is not allowed to change on PUT operations.\n\nPopulated by the system. Read-only. More info: http://releases.k8s.io/release-1.4/docs/user-guide/identifiers.md#uids"
     },
     "resourceVersion": {
      "type": "string",
      "description": "An opaque value that represents the internal version of this object that can be used by clients to determine when objects have changed. May be used for optimistic concurrency, change detection, and the watch operation on a resource or set of resources. Clients must treat these values as opaque and passed unmodified back to the server. They may only be valid for a particular resource or set of resources.\n\nPopulated by the system. Read-only. Value must be treated as opaque by clients and . More info: http://releases.k8s.io/release-1.4/docs/devel/api-conventions.md#concurrency-control-and-consistency"
     },
     "generation": {
      "type": "integer",
      "format": "int64",
      "description": "A sequence number representing a specific generation of the desired state. Populated by the system. Read-only."
     },
     "creationTimestamp": {
      "type": "string",
      "format": "date-time",
      "description": "CreationTimestamp is a timestamp representing the server time when this object was created. It is not guaranteed to be set in happens-before order across separate operations. Clients may not set this value. It is represented in RFC3339 form and is in UTC.\n\nPopulated by the system. Read-only. Null for lists. More info: http://releases.k8s.io/release-1.4/docs/devel/api-conventions.md#metadata"
     },
     "deletionTimestamp": {
      "type": "string",
      "format": "date-time",
      "description": "DeletionTimestamp is RFC 3339 date and time at which this resource will be deleted. This field is set by the server when a graceful deletion is requested by the user, and is not directly settable by a client. The resource will be deleted (no longer visible from resource lists, and not reachable by name) after the time in this field. Once set, this value may not be unset or be set further into the future, although it may be shortened or the resource may be deleted prior to this time. For example, a user may request that a pod is deleted in 30 seconds. The Kubelet will react by sending a graceful termination signal to the containers in the pod. Once the resource is deleted in the API, the Kubelet will send a hard termination signal to the container. If not set, graceful deletion of the object has not been requested.\n\nPopulated by the system when a graceful deletion is requested. Read-only. More info: http://releases.k8s.io/release-1.4/docs/devel/api-conventions.md#metadata"
     },
     "deletionGracePeriodSeconds": {
      "type": "integer",
      "format": "int64",
      "description": "Number of seconds allowed for this object to gracefully terminate before it will be removed from the system. Only set when deletionTimestamp is also set. May only be shortened. Read-only."
     },
     "labels": {
      "type": "object",
      "description": "Map of string keys and values that can be used to organize and categorize (scope and select) objects. May match selectors of replication controllers and services. More info: http://releases.k8s.io/release-1.4/docs/user-guide/labels.md"
     },
     "annotations": {
      "type": "object",
      "description": "Annotations is an unstructured key value map stored with a resource that may be set by external tools to store and retrieve arbitrary metadata. They are not queryable and should be preserved when modifying objects. More info: http://releases.k8s.io/release-1.4/docs/user-guide/annotations.md"
     },
     "ownerReferences": {
      "type": "array",
      "items": {
       "$ref": "v1.OwnerReference"
      },
      "description": "List of objects depended by this object. If ALL objects in the list have been deleted, this object will be garbage collected. If this object is managed by a controller, then an entry in this list will point to this controller, with the controller field set to true. There cannot be more than one managing controller."
     },
     "finalizers": {
      "type": "array",
      "items": {
       "type": "string"
      },
      "description": "Must be empty before the object is deleted from the registry. Each entry is an identifier for the responsible component that will remove the entry from the list. If the deletionTimestamp of the object is non-nil, entries in this list can only be removed."
     },
     "clusterName": {
      "type": "string",
      "description": "The name of the cluster which the object belongs to. This is used to distinguish resources with same name and namespace in different clusters. This field is not set anywhere right now and apiserver is going to ignore it if set in create or update request."
     }
    }
   },
   "v1.OwnerReference": {
    "id": "v1.OwnerReference",
    "description": "OwnerReference contains enough information to let you identify an owning object. Currently, an owning object must be in the same namespace, so there is no namespace field.",
    "required": [
     "apiVersion",
     "kind",
     "name",
     "uid"
    ],
    "properties": {
     "apiVersion": {
      "type": "string",
      "description": "API version of the referent."
     },
     "kind": {
      "type": "string",
      "description": "Kind of the referent. More info: http://releases.k8s.io/release-1.4/docs/devel/api-conventions.md#types-kinds"
     },
     "name": {
      "type": "string",
      "description": "Name of the referent. More info: http://releases.k8s.io/release-1.4/docs/user-guide/identifiers.md#names"
     },
     "uid": {
      "type": "string",
      "description": "UID of the referent. More info: http://releases.k8s.io/release-1.4/docs/user-guide/identifiers.md#uids"
     },
     "controller": {
      "type": "boolean",
      "description": "If true, this reference points to the managing controller."
     }
    }
   },
   "unversioned.Status": {
    "id": "unversioned.Status",
    "description": "Status is a return value for calls that don't return other objects.",
    "properties": {
     "kind": {
      "type": "string",
      "description": "Kind is a string value representing the REST resource this object represents. Servers may infer this from the endpoint the client submits requests to. Cannot be updated. In CamelCase. More info: http://releases.k8s.io/release-1.4/docs/devel/api-conventions.md#types-kinds"
     },
     "apiVersion": {
      "type": "string",
      "description": "APIVersion defines the versioned schema of this representation of an object. Servers should convert recognized schemas to the latest internal value, and may reject unrecognized values. More info: http://releases.k8s.io/release-1.4/docs/devel/api-conventions.md#resources"
     },
     "metadata": {
      "$ref": "unversioned.ListMeta",
      "description": "Standard list metadata. More info: http://releases.k8s.io/release-1.4/docs/devel/api-conventions.md#types-kinds"
     },
     "status": {
      "type": "string",
      "description": "Status of the operation. One of: \"Success\" or \"Failure\". More info: http://releases.k8s.io/release-1.4/docs/devel/api-conventions.md#spec-and-status"
     },
     "message": {
      "type": "string",
      "description": "A human-readable description of the status of this operation."
     },
     "reason": {
      "type": "string",
      "description": "A machine-readable description of why this operation is in the \"Failure\" status. If this value is empty there is no information available. A Reason clarifies an HTTP status code but does not override it."
     },
     "details": {
      "$ref": "unversioned.StatusDetails",
      "description": "Extended data associated with the reason.  Each reason may define its own extended details. This field is optional and the data returned is not guaranteed to conform to any schema except that defined by the reason type."
     },
     "code": {
      "type": "integer",
      "format": "int32",
      "description": "Suggested HTTP return code for this status, 0 if not set."
     }
    }
   },
   "unversioned.StatusDetails": {
    "id": "unversioned.StatusDetails",
    "description": "StatusDetails is a set of additional properties that MAY be set by the server to provide additional information about a response. The Reason field of a Status object defines what attributes will be set. Clients must ignore fields that do not match the defined type of each attribute, and should assume that any attribute may be empty, invalid, or under defined.",
    "properties": {
     "name": {
      "type": "string",
      "description": "The name attribute of the resource associated with the status StatusReason (when there is a single name which can be described)."
     },
     "group": {
      "type": "string",
      "description": "The group attribute of the resource associated with the status StatusReason."
     },
     "kind": {
      "type": "string",
      "description": "The kind attribute of the resource associated with the status StatusReason. On some operations may differ from the requested resource Kind. More info: http://releases.k8s.io/release-1.4/docs/devel/api-conventions.md#types-kinds"
     },
     "causes": {
      "type": "array",
      "items": {
       "$ref": "unversioned.StatusCause"
      },
      "description": "The Causes array includes more details associated with the StatusReason failure. Not all StatusReasons may provide detailed causes."
     },
     "retryAfterSeconds": {
      "type": "integer",
      "format": "int32",
      "description": "If specified, the time in seconds before the operation should be retried."
     }
    }
   },
   "unversioned.StatusCause": {
    "id": "unversioned.StatusCause",
    "description": "StatusCause provides more information about an api.Status failure, including cases when multiple errors are encountered.",
    "properties": {
     "reason": {
      "type": "string",
      "description": "A machine-readable description of the cause of the error. If this value is empty there is no information available."
     },
     "message": {
      "type": "string",
      "description": "A human-readable description of the cause of the error.  This field may be presented as-is to a reader."
     },
     "field": {
      "type": "string",
      "description": "The field of the resource that has caused this error, as named by its JSON serialization. May include dot and postfix notation for nested attributes. Arrays are zero-indexed.  Fields may appear more than once in an array of causes due to fields having multiple errors. Optional.\n\nExamples:\n  \"name\" - the field \"name\" on the current resource\n  \"items[0].name\" - the field \"name\" on the first array entry in \"items\""
     }
    }
   },
   "*versioned.Event": {
    "id": "*versioned.Event",
    "properties": {}
   },
   "unversioned.Patch": {
    "id": "unversioned.Patch",
    "description": "Patch is provided to give a concrete name and type to the Kubernetes PATCH request body.",
    "properties": {}
   },
   "v1.DeleteOptions": {
    "id": "v1.DeleteOptions",
    "description": "DeleteOptions may be provided when deleting an API object",
    "properties": {
     "kind": {
      "type": "string",
      "description": "Kind is a string value representing the REST resource this object represents. Servers may infer this from the endpoint the client submits requests to. Cannot be updated. In CamelCase. More info: http://releases.k8s.io/release-1.4/docs/devel/api-conventions.md#types-kinds"
     },
     "apiVersion": {
      "type": "string",
      "description": "APIVersion defines the versioned schema of this representation of an object. Servers should convert recognized schemas to the latest internal value, and may reject unrecognized values. More info: http://releases.k8s.io/release-1.4/docs/devel/api-conventions.md#resources"
     },
     "gracePeriodSeconds": {
      "type": "integer",
      "format": "int64",
      "description": "The duration in seconds before the object should be deleted. Value must be non-negative integer. The value zero indicates delete immediately. If this value is nil, the default grace period for the specified type will be used. Defaults to a per object value if not specified. zero means delete immediately."
     },
     "preconditions": {
      "$ref": "v1.Preconditions",
      "description": "Must be fulfilled before a deletion is carried out. If not possible, a 409 Conflict status will be returned."
     },
     "orphanDependents": {
      "type": "boolean",
      "description": "Should the dependent objects be orphaned. If true/false, the \"orphan\" finalizer will be added to/removed from the object's finalizers list."
     }
    }
   },
   "v1.Preconditions": {
    "id": "v1.Preconditions",
    "description": "Preconditions must be fulfilled before an operation (update, delete, etc.) is carried out.",
    "properties": {
     "uid": {
      "$ref": "types.UID",
      "description": "Specifies the target UID."
     }
    }
   },
   "types.UID": {
    "id": "types.UID",
    "properties": {}
   },
   "unversioned.APIResourceList": {
    "id": "unversioned.APIResourceList",
    "description": "APIResourceList is a list of APIResource, it is used to expose the name of the resources supported in a specific group and version, and if the resource is namespaced.",
    "required": [
     "groupVersion",
     "resources"
    ],
    "properties": {
     "kind": {
      "type": "string",
      "description": "Kind is a string value representing the REST resource this object represents. Servers may infer this from the endpoint the client submits requests to. Cannot be updated. In CamelCase. More info: http://releases.k8s.io/release-1.4/docs/devel/api-conventions.md#types-kinds"
     },
     "apiVersion": {
      "type": "string",
      "description": "APIVersion defines the versioned schema of this representation of an object. Servers should convert recognized schemas to the latest internal value, and may reject unrecognized values. More info: http://releases.k8s.io/release-1.4/docs/devel/api-conventions.md#resources"
     },
     "groupVersion": {
      "type": "string",
      "description": "groupVersion is the group and version this APIResourceList is for."
     },
     "resources": {
      "type": "array",
      "items": {
       "$ref": "unversioned.APIResource"
      },
      "description": "resources contains the name of the resources and if they are namespaced."
     }
    }
   },
   "unversioned.APIResource": {
    "id": "unversioned.APIResource",
    "description": "APIResource specifies the name of a resource and whether it is namespaced.",
    "required": [
     "name",
     "namespaced",
     "kind"
    ],
    "properties": {
     "name": {
      "type": "string",
      "description": "name is the name of the resource."
     },
     "namespaced": {
      "type": "boolean",
      "description": "namespaced indicates if a resource is namespaced or not."
     },
     "kind": {
      "type": "string",
      "description": "kind is the kind for the resource (e.g. 'Foo' is the kind for a resource 'foo')"
     }
    }
   }
  }
 }
